5.26052641106922e-06,-1.437397,0.0010521052822138439,0.1052113
1.0981177736610506e-05,-1.495527,9.207316248607158e-05,-0.096
1.0454857917706948e-05,-1.617072,-0.00019711138033609403,-0.02891064
1.1585260953241536e-05,-1.553657,0.000423759246859907,0.06210041
2.4788806171912772e-05,-1.553657,0.0022181176938317125,0.1794567
4.323684691087688e-05,-1.611787,0.0014736540377638314,-0.07441521
5.78254292978481e-05,-1.611787,0.0014475761315026576,-0.002565384
6.723267924442776e-05,-1.669917,0.0004393972704480117,-0.1007605
7.2052054267462e-05,-1.733332,0.0005327424356465984,0.009409904
7.455271628083795e-05,-1.791462,-2.077838681224454e-05,-0.05525589
7.939475516814295e-05,-1.913006,0.0010061347191504426,0.1028156
9.052696888587238e-05,-1.913006,0.0012424542639800902,0.02377987
0.0001007524708544886,-1.971136,0.000831815854412191,-0.04088497
0.00010562977795052328,-2.029266,0.00018132469514391865,-0.06483555
0.0001082597390058092,-2.092681,0.00039264833191502113,0.02138519
0.00010780040167833474,-2.087396,-0.0004262324044849865,-0.08160114
0.00010159580623050837,-2.145526,-0.0007426149074521298,-0.03130531
9.586909691917288e-05,-2.145526,-0.00031694611478829283,0.04294014
9.298869467538887e-05,-2.203656,-0.0001552687437809216,0.01659489
9.101665552207873e-05,-2.272356,-0.00011395330176147454,0.004619598
9.185075098962306e-05,-2.330486,0.0004296825618980832,0.05491543
9.331308685560063e-05,-2.388616,3.857198120241047e-05,-0.0384903
9.235806118817884e-05,-2.51016,-1.8158571079906557e-05,-0.00496006
9.00593488088509e-05,-2.56829,-0.0001954552652367167,-0.01693535
8.857637785848621e-05,-2.56829,0.0001774241261283861,0.03814983
8.792692628395329e-05,-2.51016,-6.870895126124834e-07,-0.0169
9.688019549453817e-05,-2.56829,0.0021430757932106317,0.2153816
0.00011496767218435775,-2.56829,0.0018671140407002574,-0.02651501
0.00012930226551260198,-2.62642,0.0014464040925779222,-0.04088497
0.00011457240458442365,-2.68455,-0.0038865690274748448,-0.532
6.840537470015658e-05,-2.68455,-0.004788282487050939,-0.08878613
2.9272958434599135e-05,-2.74268,-0.0024100401233884284,0.2393322
9.982784443500432e-06,-2.864225,-0.000728026516821714,0.1698761
3.0655288435508537e-06,-2.80081,0.00011509928461897367,0.08605099
3.0548110587387466e-06,-2.85894,0.0007412952394524717,0.0645
2.475054500456899e-06,-2.91707,9.658816129712624e-05,-0.06244087
7.245518042133707e-06,-2.91707,0.0018936604289028689,0.1818514
2.572532683302612e-05,-3.03333,0.0029701485390263398,0.1100006
4.227261210879457e-05,-3.03333,0.0016024694856167905,-0.1342907
5.6969206744338e-05,-3.03333,0.0027003727052144423,0.1123962
8.005109828148592e-05,-3.09146,0.0034132268901862,0.0740757
0.0001111359339428176,-3.09146,0.004413946131125155,0.103
0.00013766726124884627,-3.154875,0.002656512704708251,-0.1726112
0.00015909827352234042,-3.213005,0.0035554728476543227,0.09323597
0.00018696947686992188,-3.271135,0.004116962951933582,0.05970573
0.00021174194826562774,-3.329265,0.003119425737285056,-0.09597111
0.0002492371037917744,-3.329265,0.006814467806642764,0.3734531
0.0003091044310196794,-3.329265,0.00775353321100117,0.09802532
0.0003623128956334255,-3.329265,0.005649195841176736,-0.2061415
0.0004117150898379356,-3.45081,0.007272871719001301,0.167
0.00046798042066545364,-3.440241,0.007199123095951228,-0.00257
0.000516900123541242,-3.440241,0.005997857234435659,-0.1151314
0.0005476890028061186,-3.498371,0.0038357707552275325,-0.2109318
0.0005681495077027162,-3.619915,0.004280340493425546,0.05012512
0.0005890272311494262,-3.619915,0.004148040227025725,-0.00735
0.0006154013990426234,-3.678045,0.005689067478949767,0.1602964
0.0006447269199543131,-3.74146,0.005071233720161444,-0.05525589
0.0006713251607404231,-3.863004,0.005574554165207667,0.0573101
0.0007031452805802954,-3.921134,0.006481513307031084,0.09802532
0.0007394305935446307,-3.921134,0.006763265028717443,0.03575516
0.0007701662670427684,-3.921134,0.005677312341145652,-0.1007605
0.0007953784570678556,-3.979264,0.0060724797307970205,0.04773045
0.000825387753868769,-3.979264,0.00696792485375966,0.09802532
0.00086933432511883,-3.979264,0.009201874799109907,0.2321472
0.000920070974442824,-3.979264,0.008678789893120507,-0.0432806
0.0009672820688566972,-4.042679,0.008989683122003345,0.04054546
0.0010183165272803028,-4.042679,0.009824593882495129,0.09323597
0.0010829157495168599,-4.158939,0.012354145662832439,0.2632818
0.0011557806125349524,-4.217069,0.012029076812438637,-0.02172565
0.0012217151156112827,-4.211784,0.011389652633826861,-0.05286026
0.0012840365666821026,-4.211784,0.011752946130066083,0.04773045
0.0013562423833859726,-4.269915,0.013979501513855616,0.2345419
0.0014371952008204192,-4.328045,0.014141351189178484,0.02857018
0.0015224427873515517,-4.391459,0.01551937555654676,0.1507158
0.0016145826402204882,-4.507719,0.016387426664116536,0.100421
0.0017140798948203212,-4.507719,0.017539220400508232,0.1291609
0.001819036404662123,-4.565849,0.018230403748169546,0.08365536
0.0019193369479540855,-4.565849,0.017193370656583627,-0.08878613
0.0020128313816903053,-4.565849,0.01746974994170817,0.04294014
0.00210854052077223,-4.629264,0.018482505960531408,0.1171856
0.0022058860284541633,-4.629264,0.018437448574345577,0.01180458
0.0022983316116972313,-4.687394,0.01838624055308397,0.01180458
0.0023826475387485977,-4.687394,0.01749262795695302,-0.07202053
0.0024557997751407656,-4.745524,0.017095559412798007,-0.02172565
0.0025237779205180707,-4.803654,0.017434394740775443,0.05252075
0.002586698092515099,-4.861784,0.017095908020699956,-0.01453972
0.0026445508015063607,-4.919914,0.017469043098262884,0.0573101
0.002691912302827735,-4.919914,0.015801796036510905,-0.146266
0.0027222255648402154,-5.041459,0.015489865462819045,-0.009750366
0.002747121083549978,-5.041459,0.015580245093880995,0.03096485
0.0027711133078040886,-5.099588,0.01650140625892984,0.1147909
0.0027909311174083113,-5.157719,0.01597790531658744,-0.02891064
0.0028070095749777677,-5.215849,0.01702730361188532,0.1291609
0.0028273668102988406,-5.284548,0.018211911912283496,0.1435308
0.002844355127084915,-5.400808,0.018068271151114472,0.01180458
0.002853545263437005,-5.400808,0.01770354937351949,-0.009750366
0.002854824072788728,-5.395523,0.017525108471707213,0.009409904
0.0028654622825604464,-5.395523,0.020670103486323133,0.3423176
0.0028955883546203536,-5.395523,0.022540039050467312,0.2153816
0.0029263066844452215,-5.453653,0.022341381986031177,0.009409904
0.002950581485164714,-5.511784,0.02285217475766459,0.08126068
0.00296453461292432,-5.511784,0.02148885565441515,-0.1055508
0.002968142919257404,-5.575198,0.022510892408178256,0.1339512
0.0029816127972567942,-5.633328,0.025199883978336626,0.3016024
0.0029996788820566183,-5.691458,0.025220656453218814,0.03575516
0.0030054148252537686,-5.691458,0.02408544387916778,-0.0792
0.002998388634131189,-5.691458,0.024045386859134144,0.03096485
0.002984855719964606,-5.633328,0.02366711149739336,-0.002565384
0.0029555870728951365,-5.691458,0.022847241298906494,-0.0457
0.002906596753298716,-5.807718,0.022276855366087867,-0.01933002
0.0028373954030944336,-5.865848,0.02088145659449777,-0.1007605
0.002748662804736793,-5.923978,0.020505005455889017,0.002224922
0.0026429543182639177,-5.987392,0.0197338800369718,-0.03609562
0.0025249086304757434,-6.045523,0.020292647990054473,0.09802532
0.002398009157146724,-6.108937,0.020336572019466356,0.04773045
0.0022555834236747197,-6.045523,0.018220228016899674,-0.168
0.0020988224358813516,-6.103653,0.01987800786837708,0.2105913
0.0019389116586132275,-6.161783,0.020062827493526433,0.06449509
0.0017578151424215511,-6.283327,0.018937318930846297,-0.06483555
0.0015531281271613533,-6.399588,0.01868097772442576,0.02377987
0.0013358313717220024,-6.399588,0.018392463618081546,0.02138519
0.0011207898834612899,-6.399588,0.021141804840584203,0.326
0.0009122109430822656,-6.336173,0.020889683675321572,0.0261755
0.0006849182321347013,-6.394303,0.020241225728377967,-0.01214504
0.00043914191173729584,-6.452433,0.020106322757849675,0.04054546
0.000173566929862003,-6.573977,0.02016800384651256,0.06210041
-0.00010024803241269893,-6.510563,0.01977125598616753,0.01659489
-0.00039686226851921034,-6.632108,0.019666359178990886,0.04773045
-0.0007150598185001398,-6.632108,0.017780079114387615,-0.1295013
-0.0010608125019321763,-6.753652,0.01841238168024161,0.1243706
-0.001433744865191488,-6.875196,0.016724930045788896,-0.1055508
-0.0018401441126016356,-6.933327,0.015190096929091748,-0.08878613
-0.002276973140448486,-6.991457,0.014190865639609761,-0.03369999
-0.0027391679425811215,-7.049587,0.013750939822512532,0.02377987
-0.0032174067252048644,-7.049587,0.013684164146631013,0.06210041
-0.003717974093730503,-7.049587,0.012026548798415077,-0.09597111
-0.004256273697236982,-7.171131,0.011136883240221203,-0.01693535
-0.004826847757692488,-7.171131,0.008440515485009759,-0.1965618
-0.0054395871408936805,-7.287392,0.007829235774349103,0.01420021
-0.006070250274762328,-7.287392,0.00785386589394308,0.078866
-0.006724985107670051,-7.282107,0.005949580075595111,-0.113
-0.007433200209753887,-7.403651,0.002706678519932038,-0.244462
-0.008179754555143411,-7.398367,0.0013452866087829336,-0.05525589
-0.008966070014805842,-7.456497,-0.0008001479212162708,-0.131896
-0.009787384116339004,-7.519912,-0.0010001554107429047,0.06449509
-0.01062393833443656,-7.519912,-0.0004931736297894251,0.1363459
-0.011482535022171147,-7.578042,-0.0006990543510747394,0.06689072
-0.012372830664411097,-7.636171,-0.0020252109672950647,-0.0432806
-0.013290930490438925,-7.636171,-0.0027166232470205304,0.02138519
-0.014240583136920846,-7.694302,-0.003355165436096477,0.02857018
-0.01521494698847989,-7.689017,-0.0041249641522324906,0.01659489
-0.016209035572328414,-7.689017,-0.0035929233875351364,0.148
-0.0172336172867868,-7.747147,-0.0049932464780079325,-0.0432806
-0.018289138433720854,-7.747147,-0.005950960959291726,0.002224922
-0.01938132435113567,-7.863407,-0.0053793641284463276,0.1579008
-0.020502942087011335,-7.926822,-0.006146047024841866,0.0261755
-0.02165513629916999,-7.926822,-0.007428641998151103,-0.02412033
-0.02283469137171747,-7.926822,-0.007502805806937699,0.09802532
-0.024033768383505873,-7.916253,-0.007468886779440426,0.1100006
-0.02527148634801861,-7.979667,-0.009181204670505877,-0.06244087
-0.026553021850093103,-8.037797,-0.01022033562402094,0.007015228
-0.02788412380893301,-8.154058,-0.011217405305277513,0.01420021
-0.029239624075052553,-8.090643,-0.012554542114252411,-0.01933002
-0.030642988487227612,-8.212187,-0.012485850611759986,0.1243706
-0.03207829114687754,-8.275602,-0.012296670892647799,0.1387415
-0.03355128314477194,-8.333732,-0.013423541017093006,0.00941
-0.03507225762640558,-8.391862,-0.01517217462642978,-0.05046558
-0.036646348410032954,-8.508121,-0.015252377088712125,0.1195812
-0.03825063604468008,-8.502837,-0.01637644050285904,0.01659489
-0.03992018900111754,-8.629666,-0.018828225717511273,-0.1127357
-0.04164455517570689,-8.687797,-0.020082777410789922,0.00941
-0.04341922909600017,-8.745927,-0.021505532110667542,-0.00496006
-0.04525300566932752,-8.804056,-0.024390083294187858,-0.1486616
-0.04713471237408467,-8.804056,-0.02561379243430945,0.01899052
-0.04903076805660321,-8.682512,-0.026330463535194065,0.06928539
-0.050987930392662216,-8.804056,-0.027633651312719196,0.01420021
-0.05299113551390594,-8.804056,-0.02988678649415595,-0.07920551
-0.05505785667107966,-8.862186,-0.032309390716221804,-0.09357548
-0.05717384742211332,-8.862186,-0.03393382225127082,-0.01214504
-0.05935208519230217,-8.925601,-0.03627995550956675,-0.08160114
-0.06159161814772623,-8.983731,-0.03779040442801478,0.004619598
-0.06387798817387465,-8.983731,-0.03958086440780785,-0.02172565
-0.06620818939997,-8.983731,-0.040429936938321455,0.0740757
-0.06858487118385416,-9.041862,-0.04013262422912186,0.191431
-0.07098102957619876,-8.978447,-0.04087049047045096,0.08844566
-0.07347699127164257,-9.221536,-0.04274766721995098,-0.01933002
-0.07602020037206364,-9.221536,-0.04377998290345537,0.06689072
-0.07861305772788739,-9.221536,-0.046075123336744406,-0.05765057
-0.08125364229009419,-9.210967,-0.04716427677260267,0.06449509
-0.08395261039801537,-9.279666,-0.04770932532572683,0.1219759
-0.08668224470218872,-9.210967,-0.04983949049588475,-0.03609562
-0.08947966274680312,-9.274382,-0.05125776732495453,0.0381
-0.09232840011107345,-9.274382,-0.05314842548887724,-0.007354736
-0.09524999233339437,-9.337796,-0.055548663633795646,-0.05525589
-0.09825074000117731,-9.459341,-0.0555006943940658,0.1938267
-0.10131750480369701,-9.51747,-0.058380938500019415,-0.09597111
-0.10443938071641429,-9.51747,-0.05912421737987412,0.1195812
-0.10762443981375323,-9.575601,-0.06037721778570659,0.07168007
-0.11087989327478702,-9.633731,-0.062403677844632355,-0.002565384
-0.11422399514098197,-9.74999,-0.06387511441209263,0.0573
-0.11762119200870744,-9.74999,-0.06517411074378475,0.07647038
-0.12110003446969678,-9.813405,-0.06861375295316695,-0.1342907
-0.12466937876246215,-9.871535,-0.07182268429918794,-0.108
-0.12832654030118015,-9.929666,-0.0745606121404506,-0.05765057
-0.13206991848474847,-9.987795,-0.07728342252443766,-0.05286026
-0.1359010403033048,-10.04593,-0.08015906822715378,-0.06483555
-0.13982943362487646,-10.10934,-0.08429074338037783,-0.1869812
-0.14381684624577043,-10.04064,-0.0876846069242294,-0.1127357
-0.14786323349603303,-10.04064,-0.08745833206275713,0.2513065
-0.15196865983739857,-10.04064,-0.09079701957576476,-0.1031561
-0.15616050333531042,-10.10406,-0.09179946147273145,0.134
-0.16042197904493902,-10.16219,-0.09195061914282425,0.2225666
-0.16476436862600602,-10.22032,-0.09503442515798441,-0.06723022
-0.16920314456395066,-10.27845,-0.09810490413196768,-0.0624
-0.17372876584534688,-10.33658,-0.0991034438742094,0.1483212
-0.17834411039400672,-10.39999,-0.10219857229110298,-0.05765057
-0.18305841620662963,-10.45812,-0.10523378094256054,-0.04807091
-0.1878723453668311,-10.51625,-0.10828145257983739,-0.0457
-0.1927841732693654,-10.57438,-0.11079054635622215,0.01180458
-0.1977969718588066,-10.63251,-0.11427044909781364,-0.0816
-0.20291701993146888,-10.69592,-0.11745376851669037,-0.0481
-0.20813288025617446,-10.75406,-0.11885394405890685,0.1339512
-0.21341842635652297,-10.74349,-0.12195029829452754,-0.03369999
-0.2188122174237929,-10.8069,-0.12520560839388428,-0.04567528
-0.22428626359845746,-10.8069,-0.12754948466659802,0.04773045
-0.22987985431577893,-10.92844,-0.12879908124209113,0.1626911
-0.2355346024890384,-10.92316,-0.1294954043181103,0.2201719
-0.24128366651779923,-10.98129,-0.13207432666285723,0.0358
-0.24712528523796257,-11.03942,-0.13222600557139855,0.2824421
-0.253006817280777,-10.98129,-0.13394160404645092,0.1267662
-0.2589860595173274,-11.03942,-0.13572067431496515,0.1243706
-0.2650545652204499,-11.09755,-0.13555169087798868,0.3231573
-0.271206174246068,-11.15568,-0.13590182195408365,0.2752571
-0.27747354295298077,-11.27194,-0.13688386992903642,0.2177763
-0.2838045537664609,-11.27194,-0.13697980831540482,0.3087873
-0.2902149906874519,-11.33535,-0.13525018112537787,0.4955988
-0.2966997136158599,-11.39349,-0.1345917320404745,0.3926134
-0.3032971457363004,-11.50974,-0.13490225679938964,0.3016024
-0.30998095513178137,-11.56787,-0.134153115865875,0.4117737
-0.3167169463656924,-11.56787,-0.13299653513352333,0.455
-0.3235239411132724,-11.63129,-0.12977762566606607,0.6656456
-0.33037079252305873,-11.63129,-0.1284039697274643,0.4836235
-0.33729670219359686,-11.68942,-0.12716955204161928,0.474
-0.3442738045276611,-11.68942,-0.12586411931751873,0.4836235
-0.35132762262083495,-11.74755,-0.12373994967862542,0.5698442
-0.35841993627008983,-11.74227,-0.12111261378051244,0.6225348
-0.36558960350519537,-11.80568,-0.11953679342086342,0.521944
-0.3728558033771434,-11.86909,-0.12052167038487256,0.2704668
-0.380153124878921,-11.8004,-0.11973476066322793,0.448
-0.3875413749118384,-11.86909,-0.11794503459447325,0.5530796
-0.39497853183657816,-11.86909,-0.11601344966343503,0.5698442
-0.4024969354369136,-11.92722,-0.1141987363502798,0.5626593
-0.4100700172306955,-11.92194,-0.11382127893409613,0.4213533
-0.4177775805188722,-12.04348,-0.11358240261869339,0.4141684
-0.42554630413309064,-12.04348,-0.11205250774339283,0.5458946
-0.4334027077844022,-12.10161,-0.11032916536306829,0.5698442
-0.4413213492573499,-12.10161,-0.11028477654253321,0.4045887
-0.44930559849697804,-12.10161,-0.10916508868718543,0.5147591
-0.4573849040848157,-12.15974,-0.10799623431335409,0.5243397
-0.4655663080025904,-12.22316,-0.10742701934082904,0.4692535
-0.47380496858202364,-12.21787,-0.10544562103801956,0.6129551
-0.4821032519514907,-12.21787,-0.10464052074786032,0.4979944
-0.4905014904540062,-12.276,-0.1034028688058519,0.546
-0.4989672505725835,-12.276,-0.10322295684037217,0.4429083
-0.507539508932515,-12.33414,-0.10230005751223077,0.522
-0.5161828804661489,-12.33414,-0.102314774244687,0.430933
-0.5249356892893998,-12.39226,-0.10141981447807913,0.5267344
-0.5337538656348739,-12.39226,-0.1000489714002999,0.5770292
-0.5426402846124162,-12.39226,-0.09966318702120713,0.4812288
-0.5515907555408988,-12.39226,-0.09738842939410894,0.6728306
-0.5606018054204456,-12.39226,-0.09624241938140642,0.5626593
-0.5697234270966096,-12.45568,-0.09519548748842989,0.5578699
-0.5789189633276645,-12.45568,-0.0952774177309176,0.4476986
-0.5881921075111897,-12.45568,-0.09490747389365103,0.4955988
-0.5975481021932911,-12.45568,-0.09597769208371319,0.3542929
-0.6069918419982655,-12.45568,-0.09652791380691374,0.409
-0.616520536349893,-12.45568,-0.09698164794114536,0.4213533
-0.6261397499849191,-12.45568,-0.0985880544444073,0.3087873
-0.635854818591282,-12.45568,-0.10005378038301159,0.3255529
-0.6456710691732829,-12.45568,-0.10267210087407999,0.2129869
-0.6555462214639474,-12.39226,-0.10517191344986081,0.2249622
-0.6655285360462226,-12.39226,-0.10793792691706226,0.2010117
-0.6756711675654443,-12.45568,-0.11128667904763148,0.148
-0.6858761389089082,-12.38698,-0.11470248687554334,0.1411362
-0.6961967871074944,-12.38698,-0.1181208708630443,0.1435308
-0.7066815777964078,-12.44511,-0.1219971376129185,0.1028156
-0.7173371238643523,-12.50324,-0.12652311289009038,0.04294014
-0.7280218885351186,-12.3817,-0.13083270344384418,0.06210041
-0.7388353024052394,-12.3817,-0.13579124502591108,-0.000169754
-0.7497328170045622,-12.32357,-0.14070318701387324,0.004619598
-0.7607632808050059,-12.32357,-0.14592849447564615,-0.02412033
-0.7719278465333304,-12.32357,-0.15103598979297223,-0.009750366
-0.7831724815455707,-12.26015,-0.15614164107835782,-0.009750366
-0.7946574263130975,-12.38698,-0.16099320391273095,0.02377987
-0.8062734527444643,-12.38698,-0.1656789498851765,0.04294014
-0.81802175523247,-12.3817,-0.171657450224628,-0.084
-0.8299094266027374,-12.3817,-0.17682324125279758,-0.000169754
-0.8419876531079918,-12.44511,-0.18177957203602868,0.0261755
-0.8541407464737589,-12.3817,-0.18625379287777938,0.0740757
-0.8664754498275704,-12.43983,-0.1908035147329952,0.0717
-0.8789400295086885,-12.43983,-0.1953069264966757,0.078866
-0.8915378490521837,-12.43983,-0.2005062021106456,0.01180458
-0.9042662782347259,-12.43983,-0.2044612569430802,0.1387415
-0.9171271082591779,-12.43983,-0.20999812445552388,-0.01693535
-0.9301247529214355,-12.43983,-0.21481747315343705,0.0573101
-0.9432035733144635,-12.3817,-0.22028093008104574,-0.007354736
-0.9564221439251684,-12.3817,-0.22581687044332427,-0.01214504
-0.9697125834436781,-12.313,-0.23100926223650217,0.02138519
-0.9831382318635451,-12.313,-0.23598634297334112,0.04533577
-0.9966990274134887,-12.313,-0.24115515595817968,0.02857018
-1.0103964552823417,-12.313,-0.24641977387300573,0.02138519
-1.0241728951053084,-12.25487,-0.25172782100983776,0.01659489
-1.0380867413025119,-12.25487,-0.2570833913861736,0.01420021
-1.0521944184001641,-12.313,-0.26179647887903434,0.08365536
-1.066440392534476,-12.313,-0.2678265668992874,-0.0457
-1.0808311267712736,-12.313,-0.2738318151016327,-0.04088497
-1.09543584338823,-12.37641,-0.2804188712733605,-0.09357548
-1.110245277956068,-12.43454,-0.28547763762527806,0.06449509
-1.125257321440268,-12.49267,-0.2914511694706088,-0.02172565
-1.140352401274024,-12.43454,-0.29739431587029447,-0.01933002
-1.1555904266581865,-12.43454,-0.30295302154152337,0.0214
-1.170970029163051,-12.43454,-0.30863039184249863,0.01180458
-1.186488876144491,-12.43454,-0.3137315675878118,0.07168007
-1.202147976550816,-12.43454,-0.319621552139249,-0.00496006
-1.217950960151699,-12.43454,-0.32546193740819984,0.002224922
-1.2338960601183284,-12.43454,-0.33101305933500275,0.03336048
-1.2499818606577362,-12.43454,-0.33658611370646424,0.03336048
-1.2662095693038924,-12.43454,-0.34239649686267576,0.01180458
-1.2825858860753663,-12.43454,-0.34933052713763646,-0.0984
-1.299109596866114,-12.43454,-0.3549204903349325,0.03814983
-1.3157774436525065,-12.43454,-0.36122626554727655,-0.03130531
-1.3325926226035427,-12.43454,-0.367481277000719,-0.02412033
-1.3495522156783737,-12.43454,-0.37323029415377923,0.02857018
-1.366652939160249,-12.43454,-0.3788563468347068,0.04294014
-1.3839674560861026,-12.49267,-0.38506178368731686,-0.009750366
-1.4013563382284357,-12.43454,-0.3910640297887455,0.009409904
-1.418959362355685,-12.49267,-0.3968073484561194,0.04054546
-1.4367051863883444,-12.49267,-0.4028102956036739,0.01659489
-1.454593946102348,-12.49267,-0.4086176280398521,0.03814983
-1.4726248095142889,-12.49267,-0.4144925988599461,0.03336048
-1.4907981309349432,-12.49267,-0.4204110786908624,0.03096485
-1.5091182000972856,-12.49267,-0.4271871655563654,-0.05286026
-1.5275855826199796,-12.49267,-0.4332639012668453,0.01899052
-1.5462818994312117,-12.55609,-0.4399228669138842,-0.03369999
-1.5652070237950466,-12.6195,-0.445798992118781,0.05012512
-1.5842760291907252,-12.6195,-0.4520292145513385,0.01659489
-1.6034931504785987,-12.6195,-0.45880492746433793,-0.03609562
-1.6227705257969451,-12.5508,-0.4659181244473246,-0.07202053
-1.6422883454742572,-12.6195,-0.4719640090227718,0.04054546
-1.6620254922587674,-12.67763,-0.47753556716610135,0.0932
-1.681745383140206,-12.55609,-0.48530393694168394,-0.131896
-1.7015355778732886,-12.49796,-0.4914025445988386,0.03336048
-1.7214698137236153,-12.49796,-0.49804511718065114,-0.01933002
-1.7414642977666848,-12.43454,-0.505193359999359,-0.07202053
-1.7616890564382526,-12.49267,-0.5118901990443048,-0.02172565
-1.781977010491478,-12.43454,-0.5184724011306857,-0.01214504
-1.8023221374623979,-12.37641,-0.5242449302041797,0.06689072
-1.8229819509694358,-12.49796,-0.5308977945438431,-0.01214504
-1.843770927344727,-12.49267,-0.5359584566549018,0.1483212
-1.8646829491040737,-12.49267,-0.5399328826097257,0.2584925
-1.885634122783605,-12.43454,-0.5453715033539543,0.1100006
-1.9067214435277344,-12.43454,-0.5518309522406684,0.009409904
-1.9279484911185414,-12.43454,-0.5580655813053232,0.03336048
-1.949315001988398,-12.43454,-0.5645541650822977,0.009409904
-1.9708252448883705,-12.43454,-0.5717275609834138,-0.05765057
-1.9925788002085916,-12.49796,-0.5789310620579624,-0.05525589
-2.0143816020428407,-12.43454,-0.5859883741430983,-0.0432806
-2.0363329898586935,-12.43983,-0.5922003204764246,0.04294014
-2.058416438578341,-12.43454,-0.5993082669318442,-0.04567528
-2.0807270465426906,-12.49267,-0.6048379375473895,0.1171856
-2.1031712928696398,-12.49796,-0.6097371929971965,0.1818514
-2.125746202112598,-12.49796,-0.6164213576341432,0.004619598
-2.148430299633391,-12.49267,-0.6188033954411458,0.4357233
-2.171345363083109,-12.55609,-0.627921044083092,-0.2324867
-2.194402326622389,-12.55609,-0.6328353944675436,0.1890364
-2.2175804569733946,-12.55609,-0.6379051295333378,0.1746664
-2.2408831934619364,-12.55609,-0.643608999359964,0.1123962
-2.264429143573536,-12.62478,-0.6498965196468532,0.05970573
-2.287895850759098,-12.49796,-0.6557274008882321,0.09802532
-2.3114800372373274,-12.49796,-0.6596528434471917,0.2896271
-2.335186178367162,-12.49796,-0.6664865780180235,-0.000169754
-2.359132110129318,-12.55609,-0.6744712409392057,-0.1103411
-2.383121889219186,-12.49796,-0.6815163454371261,-0.01933002
-2.407232139365757,-12.50324,-0.6834731761011128,0.4908085
-2.43146813653368,-12.50324,-0.6934865430724022,-0.3139181
-2.4558411476421376,-12.49796,-0.6996493079092748,0.07168007
-2.480358748390719,-12.49796,-0.7094851544353832,-0.2947578
-2.504921103086975,-12.43983,-0.7161758453103557,0.01659489
-2.529517211476388,-12.3817,-0.724151669607941,-0.1151314
-2.5542727039633855,-12.3817,-0.7357037627234011,-0.4719887
-2.5793034099452004,-12.43983,-0.746249925359064,-0.3666077
-2.604481714448937,-12.43983,-0.7530670357958321,0.007015228
-2.6298879923759797,-12.49796,-0.7588301239804208,0.1171856
-2.655289763694359,-12.43454,-0.7632140646793092,0.2513065
-2.6809154484639204,-12.49267,-0.7706152490970104,-0.04567528
-2.706893945222192,-12.6195,-0.7754540308412833,0.2201719
-2.732865028336904,-12.5508,-0.7827647339858729,-0.03130531
-2.75910185975372,-12.6195,-0.7915431919314249,-0.1726112
-2.7854718910260248,-12.6195,-0.7979320700020619,0.06689072
-2.8120770389583747,-12.67763,-0.8053737911742028,-0.03369999
-2.8387015976108647,-12.6195,-0.8125390149302525,-0.009750366
-2.8655782452443845,-12.67763,-0.8226488351666874,-0.2995472
-2.8926008396419793,-12.67763,-0.8307751047246643,-0.1007605
-2.9195020812895076,-12.55609,-0.8343381768731577,0.3471079
-2.9465130770180044,-12.55609,-0.842239860383805,-0.0863905
-2.973665165584833,-12.55609,-0.8522309619797123,-0.295
-3.0009468133811517,-12.55609,-0.8579834807015638,0.1291609
-3.028246136295677,-12.49796,-0.8686295554261323,-0.364213
-3.055679795251439,-12.49796,-0.8750867150787532,0.05491543
-3.083228707725301,-12.49796,-0.8820728604980539,0.002224922
-3.110796072600144,-12.43983,-0.8925860406434292,-0.3546333
-3.1383865380104052,-12.3817,-0.9008777060998657,-0.1366863
-3.1661958595490614,-12.43983,-0.9038971134948958,0.3950081
-3.1941238101619165,-12.43983,-0.9157310308731331,-0.4863586
-3.222202195904679,-12.43983,-0.9252902065538109,-0.258832
-3.2502770283225826,-12.3817,-0.9303748253059221,0.1842461
-3.278444647519459,-12.3817,-0.9355551503732349,0.1746664
-3.30670186789808,-12.3817,-0.9401603028496668,0.2321472
-3.3350769297728706,-12.3817,-0.9511595046367186,-0.4073238
-3.3636081610057036,-12.3817,-0.963618682454997,-0.5534201
-3.392297229940758,-12.3817,-0.9751424777466036,-0.4600134
-3.421104921407499,-12.3817,-0.9799346552646588,0.2129869
-3.450002250629079,-12.3817,-0.9858266535282886,0.1028156
-3.479001033192533,-12.3817,-0.9931534781028942,-0.04088497
-3.5082493720379557,-12.43983,-1.0038281532534572,-0.371398
-3.5376163082847008,-12.43983,-1.0100932412412176,0.06928539
-3.5670835697914436,-12.43983,-1.0172893441227824,-0.02412033
-3.596656778394543,-12.44511,-1.0225462970444832,0.1698761
-3.626450203970739,-12.50324,-1.0295458251411391,-0.000169754
-3.656345793076424,-12.50324,-1.0368288901415244,-0.02891064
-3.686345462596462,-12.50324,-1.0443951875859876,-0.05765057
-3.7164470531402247,-12.50324,-1.0514301194793834,-0.00496006
-3.7464985240439055,-12.43983,-1.0571644563765938,0.1195812
-3.77678415227622,-12.50324,-1.0643813251585759,-0.02412033
-3.807298670917484,-12.56137,-1.071423809666373,-0.002565384
-3.837771562162537,-12.49796,-1.0797510565200523,-0.1366863
-3.8684901070105466,-12.56137,-1.0867582076183882,-0.000169754
-3.899298422705665,-12.56137,-1.0929688201147105,0.078866
-3.9302013655089665,-12.56137,-1.101136881678354,-0.1175261
-3.961200665425844,-12.56137,-1.1078851191406909,0.02377987
-3.9921516234095282,-12.50324,-1.114339568317055,0.04773045
-4.023325590183072,-12.56137,-1.1214088341040798,-0.009750366
-4.054587107366643,-12.56137,-1.1280633272225478,0.03096485
-4.085938126910719,-12.56137,-1.1357158194799286,-0.06962585
-4.117372225236579,-12.56137,-1.141276448244419,0.1387415
-4.148878566012116,-12.56137,-1.146948366817215,0.1267662
-4.180326142707736,-12.50324,-1.1542879998924491,-0.04567528
-4.211701965436226,-12.43983,-1.1602728568380372,0.08365536
-4.243309003590576,-12.50324,-1.1674266390158812,-0.02891064
-4.274838312234075,-12.43983,-1.1730571801226424,0.1171856
-4.3064337485841975,-12.43983,-1.1785102202086806,0.1339512
-4.338102878345202,-12.43983,-1.1858452148142005,-0.05525589
-4.369848463431688,-12.43983,-1.1920441596338285,0.0573101
-4.40166214258326,-12.43983,-1.1978971458679928,0.09084034
-4.433689643255832,-12.49796,-1.2046503064790874,0.004619598
-4.4659337690852485,-12.55609,-1.2110820131493814,0.04054546
-4.498102449929031,-12.49796,-1.2175010280325331,0.03575516
-4.530335544961882,-12.49796,-1.2231179543121404,0.1147909
-4.562775616824693,-12.55609,-1.228963835331343,0.09563065
-4.595270200854669,-12.55609,-1.2335041430317342,0.2249622
-4.627828736920487,-12.55609,-1.2414328659257485,-0.1151314
-4.660466368161679,-12.55609,-1.2492050834331851,-0.1007605
-4.693009978762897,-12.49267,-1.2551855161981187,0.07168007
-4.725475386178542,-12.43454,-1.263785162031766,-0.1965618
-4.758329622513993,-12.55609,-1.2707753372805606,-0.02651501
-4.79140653575569,-12.6195,-1.2761298050808583,0.1411362
-4.8241925254739515,-12.49267,-1.2794206170895641,0.3351326
-4.857013176778135,-12.49267,-1.2841580852962007,0.1890364
-4.889881166203942,-12.49267,-1.2901743107013153,0.05970573
-4.922789414784872,-12.49267,-1.293682806965625,0.309
-4.955891148244808,-12.5508,-1.2997917154219247,0.05252075
-4.989064288707227,-12.5508,-1.3097891933589196,-0.3378677
-5.02231303128551,-12.5508,-1.316944970914675,-0.05525589
-5.055782620286878,-12.60893,-1.3250938653274924,-0.1510563
-5.089143142937864,-12.5508,-1.3287447994387247,0.2920227
-5.1225305045931995,-12.5508,-1.3330739911438536,0.2225666
-5.156105478758654,-12.60893,-1.3376055585083122,0.205802
-5.1897103417937585,-12.60893,-1.3420005925676846,0.2177763
-5.223355819373628,-12.60893,-1.3488694188484016,-0.03130531
-5.257051290349831,-12.60893,-1.3553377747158777,0.007015228
-5.290785085582497,-12.60893,-1.3600642207973501,0.1794567
-5.324696650088956,-12.66706,-1.3625494479565692,0.4069834
-5.358646067220039,-12.66706,-1.3715072029100408,-0.2420673
-5.392836431573431,-12.73576,-1.3766521518964847,0.1435308
-5.426884695648577,-12.67763,-1.3797147460343264,0.3447132
-5.460960107546925,-12.67763,-1.3865188696242312,-0.03130531
-5.494896193422992,-12.60893,-1.395062577761649,-0.2133265
-5.52889312641924,-12.60893,-1.4035632596424998,-0.2109318
-5.562934524008039,-12.60893,-1.4090269119727998,0.09084034
-5.597202561717836,-12.66706,-1.421181680001494,-0.574975
-5.631527863343998,-12.66706,-1.4259399393583922,0.1626911
-5.666069564341729,-12.73048,-1.4338730993436697,-0.1510563
-5.700467152820796,-12.66178,-1.4423462074663993,-0.2133265
-5.73492610730932,-12.66178,-1.452211847120029,-0.3546333
-5.769444229054121,-12.66178,-1.4604520410430437,-0.1941662
-5.803833718890127,-12.60365,-1.4666303251615176,0.004619598
-5.838247105471398,-12.59836,-1.4749860427751007,-0.2157221
-5.8726996257539055,-12.59836,-1.4813325359028968,-0.01693535
-5.907204166154274,-12.60365,-1.4893627702963708,-0.1869812
-5.941736339666001,-12.60365,-1.4941139984074039,0.1387415
-5.976120288631407,-12.54552,-1.5014003354873624,-0.1223164
-6.010340333987677,-12.4821,-1.5064505930801495,0.09323597
-6.044576905637914,-12.4821,-1.512532450280722,-0.01214504
-6.078835696254979,-12.4821,-1.5189032607267854,-0.0432806
-6.113251324662552,-12.54023,-1.5173778302189251,0.7494707
-6.14765285486211,-12.54023,-1.5244037795028336,-0.1079464
-6.182102655894987,-12.54023,-1.5355501047436106,-0.5222845
-6.21656615021068,-12.53495,-1.5390282038428569,0.2417269
-6.251189688149322,-12.59308,-1.5412917002620137,0.3662682
-6.285612816153747,-12.52966,-1.546418320264825,0.07168007
-6.32004408518134,-12.52966,-1.5521200285802932,0.01180458
-6.354281022793114,-12.46096,-1.558835312763529,-0.09836578
-6.388511845638573,-12.45568,-1.563677570763889,0.08605099
-6.422739172164108,-12.45568,-1.5678491220745818,0.1507158
-6.456966605912551,-12.45568,-1.573577114787424,-0.00735
-6.491186398196604,-12.45039,-1.5796350539667543,-0.0432806
-6.525597850635914,-12.50852,-1.5861303831898224,-0.08399582
-6.560199486873529,-12.56665,-1.5919612057765717,-0.01453972
-6.594788086451779,-12.56137,-1.5973787918004485,0.02377987
-6.629199160079747,-12.50324,-1.6035065346343316,-0.05525589
-6.6637689803314,-12.56137,-1.6035807636248973,0.5530796
-6.698309896576249,-12.56137,-1.608754878661258,0.04054546
-6.73304944218152,-12.62478,-1.6145384300875634,-0.01693535
-6.767969519554893,-12.68291,-1.6194891996691971,0.06928539
-6.802661986650076,-12.61422,-1.6240849946531524,0.09563065
-6.837578181430678,-12.68291,-1.63226477871137,-0.258832
-6.872288468411832,-12.61422,-1.6385562975349428,-0.07920551
-6.906828053446005,-12.55609,-1.6473045158114188,-0.3330774
-6.941562078809234,-12.61422,-1.6523696016536622,0.03814983
-6.9762793834605805,-12.61422,-1.656306242624347,0.1483212
-7.011159956618819,-12.67235,-1.660056253949869,0.1698761
-7.045632344039125,-12.5508,-1.6658658434385423,-0.05046558
-7.080092379942806,-12.5508,-1.6703551421744154,0.078866
-7.114343162997647,-12.49267,-1.6746895344640493,0.08605099
-7.148369242408636,-12.42926,-1.679750031125914,0.004619598
-7.182381569517258,-12.42926,-1.6850947935905978,-0.02651501
-7.216372828033741,-12.42926,-1.6888316598648645,0.1315556
-7.250536592423273,-12.48739,-1.6948727105656853,-0.09597111
-7.284477845306967,-12.42397,-1.6996752041754895,0.01899052
-7.318589400716533,-12.4821,-1.7042909805271678,0.04054546
-7.352676150729213,-12.4821,-1.7085916214379098,0.06928539
-7.386739892308206,-12.4821,-1.7137026748780606,-0.01453972
-7.420780270663251,-12.4821,-1.7180672907529269,0.0573101
-7.4549926129168345,-12.54023,-1.723634000319792,-0.06004524
-7.488982857169703,-12.4821,-1.7269363456019837,0.1579008
-7.523133523956246,-12.54023,-1.7313209677976273,0.05252075
-7.557259633221612,-12.54023,-1.7367309522192165,-0.05286026
-7.59135762020737,-12.54023,-1.7405316825026609,0.1052113
-7.625425844709627,-12.54023,-1.7457408024863608,-0.0384903
-7.659666341214355,-12.59836,-1.7507625762313654,-0.01693535
-7.69346348665274,-12.47682,-1.7547261721644345,0.0740757
-7.727420029062833,-12.53495,-1.758430674240529,0.1028156
-7.761338494041679,-12.53495,-1.7625612922301241,0.0573101
-7.7947853760349455,-12.40812,-1.7662747830427181,0.08365536
-7.828416233692496,-12.47153,-1.7715546934588213,-0.06962585
-7.861780571024731,-12.40283,-1.7758517816793626,0.01899052
-7.895108874665317,-12.40283,-1.780167865602585,0.01420021
-7.9287999698463025,-12.51909,-1.7842343595907095,0.04773045
-7.962434548058677,-12.51381,-1.7886495123894925,0.009409904
-7.996032373816311,-12.51381,-1.7931310752728347,-0.000169754
-8.029791635561441,-12.57194,-1.7969700769190098,0.06689072
-8.063303981301809,-12.51381,-1.800673989515975,0.07168007
-8.096775518999697,-12.51381,-1.8053781936052864,-0.03130531
-8.130428548670986,-12.57722,-1.8093731931077206,0.04294014
-8.164034318088058,-12.57722,-1.8127635448847619,0.100421
-8.197574081916676,-12.57194,-1.8168133263904556,0.03096485
-8.230642148014594,-12.45039,-1.8208800237959186,0.01420021
-8.263669587298809,-12.45039,-1.8257074316970614,-0.06483555
-8.296654049439594,-12.45039,-1.8294034312676102,0.04533577
-8.329157577826338,-12.32885,-1.8326851784971263,0.07168007
-8.361817266764952,-12.38698,-1.8366181443369214,0.009409904
-8.394222560965838,-12.32885,-1.840415577854712,0.01420021
-8.426786360657772,-12.38698,-1.844313390127984,0.007015228
-8.459299410173053,-12.38698,-1.8477743447484367,0.04773045
-8.491534861821671,-12.32357,-1.8516930147031316,-0.007354736
-8.523719744018205,-12.32357,-1.8552707525932182,0.02377987
-8.556065695091469,-12.3817,-1.8599069273936073,-0.07920551
-8.588363459767278,-12.3817,-1.8634834303632575,0.02377987
-8.620589424279064,-12.37641,-1.8672882387092906,-0.002565384
-8.652761701538854,-12.37641,-1.8707518402149865,0.02857018
-8.684650798659604,-12.313,-1.8745769656659335,-0.01693535
-8.716486973285996,-12.313,-1.8782526328277724,-0.00496006
-8.74826763740131,-12.313,-1.881635124910965,0.02138519
-8.779758280803774,-12.24958,-1.8845887895662001,0.05491543
-8.811191995381696,-12.24958,-1.8884709028958973,-0.04088497
-8.842571478731873,-12.24958,-1.8920360472623357,-0.01214504
-8.873894292657896,-12.24958,-1.8954997613680855,-0.00496006
-8.905156819348036,-12.24958,-1.8984069838476392,0.04773045
-8.936107954331765,-12.18088,-1.9021254146154,-0.0432806
-8.967215117611374,-12.23901,-1.9053462359125168,0.009409904
-8.998264885495063,-12.23901,-1.9092559929551183,-0.06244087
-9.029498294064096,-12.30243,-1.9139666594271068,-0.139081
-9.060678018647828,-12.30243,-1.9173542266360457,-0.009750366
-9.09179054935619,-12.30243,-1.9194186918178764,0.1195812
-9.122833049651447,-12.30243,-1.92229164150797,0.03575516
-9.153574563862202,-12.23901,-1.925334044497832,0.009409904
-9.184252873972703,-12.23901,-1.9286103424495258,-0.01693535
-9.214863480448132,-12.23901,-1.9308032846452767,0.08844566
-9.245656232696104,-12.30771,-1.9327968795877635,0.1123962
-9.276159491301135,-12.24958,-1.9355879119917647,0.02377987
-9.306813572170446,-12.30771,-1.9385760831195336,0.007015228
-9.33717912600588,-12.24958,-1.9408048976866927,0.0740757
-9.36746484402613,-12.24958,-1.9418546248987114,0.1890364
-9.397662023412046,-12.24958,-1.9423719526794478,0.2393322
-9.427542652796847,-12.19145,-1.9416750972802923,0.3518982
-9.457317581337728,-12.19145,-1.9404461558580655,0.4021931
-9.486764504481373,-12.13332,-1.939272656798661,0.3878231
-9.516104105697778,-12.13332,-1.9381182477093466,0.3830328
-9.54533295846978,-12.13332,-1.9362644882870823,0.4500933
-9.574681825907964,-12.19674,-1.9330576018625976,0.5890045
-9.604125863422476,-12.25487,-1.930288349420512,0.5482893
-9.633444925083914,-12.25487,-1.9273943721695455,0.5578699
-9.662863243553232,-12.313,-1.9250817495662984,0.5027838
-9.692159625171286,-12.313,-1.9224288139309047,0.5339193
-9.721092803984794,-12.24958,-1.9204246763581105,0.4596739
-9.750127989065305,-12.30771,-1.9175412661213784,0.550684
-9.77903857709989,-12.30771,-1.914892610644198,0.5243397
-9.807827685408519,-12.30771,-1.9126225140223414,0.4836235
-9.836230494683248,-12.23901,-1.909918324049281,0.5171537
-9.864284782629847,-12.18088,-1.9069827611602224,0.5315247
-9.892213381298333,-12.18088,-1.9038756216373347,0.5458946
-9.919776483793001,-12.11747,-1.9020169726104272,0.4117737
-9.947222907631659,-12.11747,-1.899484202613746,0.4764385
-9.974545300519594,-12.11747,-1.8961336961712794,0.5554743
-10.001508593494671,-12.05934,-1.8917143762349309,0.6536703
-10.028567025276164,-12.11747,-1.8886928639035678,0.5171537
-10.055502698270526,-12.11747,-1.8860035254892336,0.4812288
-10.082091564490185,-12.05934,-1.883491023927138,0.4548836
-10.108559986650658,-12.05934,-1.8805926025515316,0.4908085
-10.134661655130508,-11.99592,-1.878392855009307,0.4117737
-10.160643793037949,-11.99592,-1.8751849127919442,0.5099688
-10.186502937339949,-11.99592,-1.8722621733412905,0.4788342
-10.212257869542212,-12.00121,-1.8686242771387322,0.5482893
-10.23765831932176,-11.94308,-1.8654755026565253,0.4908085
-10.26293742256555,-11.94308,-1.8626124402013422,0.4596739
-10.28808960518134,-11.94308,-1.858310792369676,0.6009798
-10.31288753780628,-11.88495,-1.8558160102430081,0.4117737
-10.33756978672272,-11.88495,-1.8532003317308965,0.4213533
-10.362132329326931,-11.88495,-1.8498651033152795,0.4908085
-10.386317656160186,-11.82153,-1.8459367692991082,0.5411043
-10.410119547234263,-11.75812,-1.8412240933293933,0.6105595
-10.43356684757279,-11.69999,-1.838750564878486,0.3782434
-10.456667064008045,-11.64186,-1.835426936630533,0.4548836
-10.479415643218045,-11.58373,-1.8319241266514745,0.4644642
-10.502045312937485,-11.58373,-1.8287094968302289,0.4333286
-10.524327738354355,-11.5256,-1.8258669616483971,0.3878231
-10.546241433395533,-11.46218,-1.8224573354052482,0.4357233
-10.567806043915867,-11.40405,-1.8191809664493053,0.4141684
-10.58925696220765,-11.40405,-1.8161939066968016,0.3830328
-10.61036529111769,-11.34592,-1.8136758227384766,0.3279476
-10.631133954657106,-11.28779,-1.8111480324521985,0.3207626
-10.65156480722929,-11.22966,-1.808874307257146,0.2872324
-10.67163535765894,-11.16625,-1.8059633691710908,0.3423176
-10.691606203384596,-11.16625,-1.8046364854822765,0.1818514
-10.71148450749013,-11.16625,-1.8031214254406154,0.198617
-10.731033488602007,-11.10812,-1.8012864542026326,0.2225666
-10.750255142659892,-11.04999,-1.8000419875476457,0.1555061
-10.769157793390958,-10.99186,-1.79974758144171,0.05252075
-10.787977588151557,-10.99186,-1.7985714906348989,0.1387415
-10.806433896039502,-10.92316,-1.7977601324902308,0.09323597
-10.824576621994321,-10.86503,-1.7978516731686294,-0.00496006
-10.84240180219534,-10.8069,-1.7961161014474487,0.1698761
-10.8601477836475,-10.8069,-1.7965176372278067,-0.04567528
-10.877820405991894,-10.8069,-1.7959188787960167,0.05252075
-10.895183334613158,-10.74877,-1.796343525264291,-0.05765057
-10.912229651968653,-10.69064,-1.7942233074454148,0.1890364
-10.929184126583397,-10.69064,-1.7920375771683468,0.1938267
-10.945817940371168,-10.63251,-1.7915705241932685,0.01420021
-10.9623773455267,-10.63251,-1.790990466150452,0.02377987
-10.978856393136432,-10.63251,-1.7892915683887964,0.1339512
-10.995256078971199,-10.63251,-1.788868941463169,0.004619598
-11.011582049005803,-10.63251,-1.7882616890230263,0.02138519
-11.027313967837916,-10.50568,-1.7877699025606573,-0.00496006
-11.042734237324792,-10.44755,-1.7869622363531767,0.01899052
-11.057840578870943,-10.38942,-1.7858629659164895,0.04054546
-11.072861154520888,-10.38942,-1.7827123042665298,0.2441216
-11.08781930444415,-10.39471,-1.7818747405044673,0.01180458
-11.102715615066339,-10.39471,-1.7831771924215343,-0.2037468
-11.117546522015319,-10.39471,-1.7815901939459184,0.08365536
-11.132035562715114,-10.33129,-1.7798983220312965,0.08605099
-11.146187861216175,-10.26788,-1.779155753489986,-0.01693535
-11.160048387156234,-10.21503,-1.7775535327493157,0.06210041
-11.17381023228138,-10.20975,-1.7759075660454577,0.06449509
-11.18749766088415,-10.20975,-1.7747263645571414,0.01659489
-11.20111709338184,-10.20975,-1.7743213574650125,-0.06244087
-11.214671467599796,-10.20975,-1.773686698810255,-0.04088497
-11.22790671537751,-10.15162,-1.770678705568481,0.1890364
-11.240291328075278,-9.966658,-1.7689506809609141,0.04054546
-11.252339873793707,-9.903242,-1.7673358852469936,0.02138519
-11.264083718269617,-9.845113,-1.7673010911098035,-0.1438713
-11.275768466073231,-9.845113,-1.76622429944845,-0.04088497
-11.28738371163483,-9.845113,-1.764057693724138,0.06689072
-11.298926607855602,-9.845113,-1.762358112910281,0.01899052
-11.310155553719289,-9.786983,-1.7603470267695418,0.04294014
-11.320827141989271,-9.670723,-1.7583478541345507,0.02857018
-11.331427058070147,-9.670723,-1.7559544961528302,0.06689072
-11.341718422159662,-9.612593,-1.7551666362683709,-0.1007605
-11.351708830691896,-9.554462,-1.754116488446812,-0.08160114
-11.361631467104475,-9.554462,-1.7510682165595468,0.1171856
-11.371216482916351,-9.491048,-1.7491656591731508,-0.00496006
-11.38073268782752,-9.491048,-1.7464629236591604,0.0740757
-11.390182530953497,-9.491048,-1.7449958555759124,-0.05046558
-11.399325344814132,-9.432918,-1.7429560592062416,-0.000169754
-11.408161380909313,-9.374788,-1.7413497805128324,-0.05046558
-11.41694293275916,-9.374788,-1.7406685312221004,-0.1438713
-11.425665371208217,-9.374788,-1.7380862513393658,0.04533577
-11.434061235167057,-9.311373,-1.7372976556735107,-0.1414766
-11.442164801031387,-9.253243,-1.7369194245556867,-0.1893768
-11.44996664189924,-9.195113,-1.734053906595171,0.05252075
-11.457462150932614,-9.136983,-1.7325574240775314,-0.0911808
-11.464894635918489,-9.136983,-1.7290415529438847,0.1100006
-11.472249160400327,-9.136983,-1.7244883320212432,0.2129869
-11.479531720570261,-9.136983,-1.7221071754681958,-0.00496006
-11.486519493548048,-9.078854,-1.72214942887137,-0.2540417
-11.493223371964563,-9.020723,-1.7217653341930406,-0.2181168
-11.500142015379364,-9.084138,-1.7183265024916101,0.09323597
-11.50674334395108,-9.026008,-1.7147009476193538,0.1052113
-11.512791198188163,-8.909748,-1.7131521418024684,-0.1151314
-11.518247018320816,-8.782919,-1.7104364713798879,-0.01214504
-11.523390770382704,-8.724789,-1.7061225887364415,0.1411362
-11.528216790268578,-8.666658,-1.702055007521777,0.1100006
-11.532705184211448,-8.603244,-1.6980370134205656,0.09802532
-11.537131489431514,-8.603244,-1.6948768959759888,0.01180458
-11.541545320960697,-8.613813,-1.6917234255721296,0.01180458
-11.545361550557981,-8.486984,-1.6885784871706149,-0.002565384
-11.54915097740198,-8.492269,-1.686561048765665,-0.1151314
-11.552616394007542,-8.428854,-1.6825346104684842,0.078866
-11.556017387851567,-8.428854,-1.6780738567443945,0.1219759
-11.558848498527038,-8.307309,-1.676693850910257,-0.1989565
-11.56139639821539,-8.249179,-1.6750118084858467,-0.1750069
-11.563899979216352,-8.249179,-1.6715072970749947,0.007015228
-11.566097580029036,-8.19105,-1.6671502831984537,0.08605099
-11.567993737954064,-8.132919,-1.6643361158175476,-0.07441521
-11.569567720994508,-8.069505,-1.660137760873805,0.0573101
-11.570843758999976,-8.011374,-1.657411084134417,-0.09597111
-11.572072227704618,-8.011374,-1.653246523889293,0.04773045
-11.573255896155128,-8.011374,-1.6510211129909642,-0.146266
-11.574391202414144,-8.011374,-1.6460885772565046,0.1243706
-11.575216708619925,-7.953244,-1.6414067801017194,0.09323597
-11.57523160742748,-7.778854,-1.635922195430982,0.1555061
-11.574924399249912,-7.71544,-1.6330312327420415,-0.1103411
-11.574331018291074,-7.65731,-1.6299614524558654,-0.09836578
-11.57369398793315,-7.65731,-1.6253600082941542,0.05491543
-11.573009654071875,-7.65731,-1.6215022214722743,-0.01933002
-11.572284275115857,-7.65731,-1.618100740792208,-0.06483555
-11.571265005070257,-7.59918,-1.6136826914102504,0.03096485
-11.569952142540764,-7.54105,-1.610116502260235,-0.06004524
-11.568603269476093,-7.54105,-1.6068875421892734,-0.09357548
-11.56692866278566,-7.477635,-1.6000027546326476,0.2656775
-11.565469677775083,-7.54105,-1.5953650542032618,0.04773045
-11.563690412136472,-7.477635,-1.5909036968063195,0.02377987
-11.56162862096732,-7.419505,-1.5890194684249936,-0.2396717
-11.55926757757294,-7.356091,-1.585563867074911,-0.08878613
-11.556629591230674,-7.29796,-1.5833448219066066,-0.2181168
-11.553963552984474,-7.29796,-1.579189165938009,-0.02412033
-11.550466580034803,-7.113001,-1.5763315808904492,-0.1726112
-11.546953790479929,-7.113001,-1.5745560157138152,-0.2803869
-11.543175873864334,-7.054872,-1.5721262081352902,-0.2205114
-11.539379714293611,-7.054872,-1.569174076919197,-0.1678219
-11.535554441540164,-7.054872,-1.5645260824353,0.002224922
-11.531730367019088,-7.054872,-1.5676186052818888,-0.7713661
-11.527940292961393,-7.054872,-1.5695421504142928,-0.6540108
-11.524146054671442,-7.054872,-1.564979770878825,-0.00496006
-11.52008469848511,-6.996741,-1.5647212146800953,-0.4408541
-11.51603555870726,-6.996741,-1.5653776198353342,-0.5318642
-11.511733283683405,-6.938611,-1.562506412412205,-0.1845865
-11.507165813948996,-6.880481,-1.560538667218522,-0.2803869
-11.502325467280084,-6.817067,-1.560523057175083,-0.4815693
-11.497240493963234,-6.758937,-1.559399670198147,-0.3761883
-11.492165214412875,-6.758937,-1.5595037063928228,-0.4983339
-11.486860675821696,-6.700807,-1.5611586951417709,-0.6588001
-11.481838470527608,-6.758937,-1.5622328671210546,-0.5941353
-11.476583568438926,-6.700807,-1.5622713402911674,-0.4959393
-11.471083606577176,-6.642676,-1.5606756300392124,-0.3378677
-11.465337979153334,-6.584547,-1.5603918933451102,-0.4743843
-11.45933351472256,-6.521132,-1.5605767114335682,-0.5270748
-11.453339272556741,-6.521132,-1.5586129690923598,-0.3115225
-11.447374266985644,-6.526417,-1.5579788636312284,-0.4432487
-11.441170779096607,-6.468287,-1.5577950551979431,-0.4935446
-11.434987677777535,-6.468287,-1.5580255668835248,-0.5342598
-11.429087114572953,-6.526417,-1.559544234692352,-0.6564054
-11.423208163556545,-6.526417,-1.5585310303563091,-0.4025335
-11.416833572831242,-6.410156,-1.558124083777619,-0.4743843
-11.410478304431521,-6.410156,-1.558155592732611,-0.5174942
-11.404140649708458,-6.410156,-1.5574040822247261,-0.4384584
-11.397574449423857,-6.352026,-1.5590193466807607,-0.680356
-11.39103693646236,-6.352026,-1.558702190613557,-0.4863586
-11.384240738984612,-6.288612,-1.5583037205374302,-0.483964
-11.37746477835198,-6.288612,-1.5580807148579177,-0.5007296
-11.370711756174238,-6.288612,-1.5582247424735083,-0.5366545
-11.36398448022897,-6.288612,-1.5585681293013478,-0.5558147
-11.35727584898486,-6.288612,-1.5572906354605336,-0.3929529
-11.350328227580338,-6.230482,-1.557015226529268,-0.4983339
-11.3434016717025,-6.230482,-1.5566280336512035,-0.4863586
-11.33649708925211,-6.230482,-1.5565361951745769,-0.5150995
-11.329362231832018,-6.172352,-1.5566563124411035,-0.5414448
-11.32252717499899,-6.235766,-1.555819538935207,-0.4384584
-11.3154501105207,-6.177636,-1.5543803737230133,-0.3833733
-11.308131422077704,-6.119506,-1.5534168387532379,-0.4360638
-11.301087141855884,-6.177636,-1.5529760979641174,-0.4815693
-11.294056916698988,-6.177636,-1.5511543186437795,-0.342658
-11.287037269844202,-6.177636,-1.550011206147065,-0.4097185
-11.27977757843332,-6.119506,-1.5491041893315252,-0.4384584
-11.27252413545695,-6.119506,-1.545954160955165,-0.2133265
-11.265268492079718,-6.119506,-1.5433393451352369,-0.266017
-11.258013442892926,-6.119506,-1.5407328340352657,-0.266017
-11.251007380725916,-6.177636,-1.5366850843508306,-0.1151314
-11.243735846997955,-6.119506,-1.5335680324396046,-0.2133265
-11.236458659927152,-6.119506,-1.5301479537694012,-0.1821918
-11.229171830493804,-6.119506,-1.5262092976431367,-0.1295013
-11.221618517365332,-6.061377,-1.5225310554238132,-0.1606359
-11.214314260888525,-6.119506,-1.5191841360372809,-0.1869812
-11.206999883544047,-6.119506,-1.5150073131382138,-0.1031561
-11.199924212030982,-6.177636,-1.51022748718381,-0.03609562
-11.19257669225423,-6.119506,-1.506474292099493,-0.1438713
-11.185472252810648,-6.177636,-1.502070195002352,-0.07202053
-11.178349129014094,-6.177636,-1.497338925658477,-0.0384903
-11.171460918572837,-6.235766,-1.492411552713607,-0.01214504
-11.164295228133865,-6.177636,-1.487816090114005,-0.05046558
-11.156851306959046,-6.119506,-1.4824990285118245,0.01659489
-11.1491271054734,-6.061377,-1.4772510291584229,0.004619598
-11.141378435291744,-6.061377,-1.4716046406404133,0.04533577
-11.133861432287677,-6.119506,-1.466289649350227,0.01899052
-11.126063355604705,-6.061377,-1.4608043177490284,0.03096485
-11.118241715990262,-6.061377,-1.4554715216240401,0.01659489
-11.110399989884407,-6.061377,-1.4506505267906311,-0.03369999
-11.102281993096867,-6.003246,-1.4453481877564067,0.009409904
-11.094397308097253,-6.061377,-1.4395872079456709,0.06210041
-11.086486002499104,-6.061377,-1.4337872364294972,0.06689072
-11.078550610584253,-6.061377,-1.428499155030174,0.01659489
-11.070591985878837,-6.061377,-1.422836819531568,0.05491543
-11.062584870031909,-6.056092,-1.4171301837102557,0.05970573
-11.05455555856649,-6.056092,-1.4120073716220067,0.002224922
-11.046763408616146,-6.114222,-1.4067849806618145,0.01899052
-11.038950947859355,-6.114222,-1.4017150750036584,0.004619598
-11.030864585698692,-6.056092,-1.397121836585515,-0.04807091
-11.023020849618883,-6.114222,-1.3923571802475143,-0.02412033
-11.015157944829719,-6.114222,-1.3869786363462293,0.03814983
-11.006992207364947,-6.050807,-1.3815206059901737,0.04054546
-10.999064339986075,-6.108937,-1.3765378601604552,-0.000169754
-10.991377441798777,-6.167068,-1.371886431271496,-0.02651501
-10.983673492410064,-6.167068,-1.3669083249496625,0.007015228
-10.976233896629976,-6.230482,-1.3624103282614324,-0.03369999
-10.96877937606607,-6.230482,-1.3578967361565273,-0.03130531
-10.96130464644781,-6.230482,-1.352313754469158,0.07647038
-10.953500081514488,-6.161783,-1.3466455570040017,0.078866
-10.945673290560388,-6.161783,-1.3414890449118606,0.02857018
-10.937829992940767,-6.161783,-1.3369400267873515,-0.03130531
-10.929969921197792,-6.161783,-1.3317052084551946,0.03814983
-10.921828694523565,-6.103653,-1.325725702989619,0.1076059
-10.913665347794378,-6.103653,-1.3205695603360397,0.0261755
-10.90574393920528,-6.161783,-1.3158885180218434,-0.01453972
-10.897805337607581,-6.161783,-1.3105935848429482,0.04773045
-10.890106842898051,-6.219913,-1.3058453378558499,-0.000169754
-10.882392720335732,-6.219913,-1.3011056542196495,-0.000169754
-10.874403991244973,-6.161783,-1.2960522507164622,0.0261755
-10.86639734634299,-6.161783,-1.2908879632800423,0.03814983
-10.858631162188946,-6.219913,-1.2859590190087433,0.02138519
-10.850589236969615,-6.161783,-1.2808122259628385,0.03814983
-10.842528952312682,-6.161783,-1.2755785247576472,0.04773045
-10.834455885777633,-6.161783,-1.2715272922288217,-0.06962585
-10.826088127941665,-6.098368,-1.2661275226629078,0.05970573
-10.817705565289272,-6.098368,-1.2615512855630548,-0.02172565
-10.809570545788535,-6.156498,-1.2570430449697947,-0.02172565
-10.801167570982306,-6.098368,-1.2527005473996509,-0.0432806
-10.793013261155709,-6.156498,-1.248138628938962,-0.01453972
-10.784843980204705,-6.156498,-1.2428432273841998,0.05970573
-10.776658015530229,-6.156498,-1.237916067248757,0.02377987
-10.76871164801827,-6.214628,-1.2322662761917273,0.1028156
-10.76074799463288,-6.214628,-1.2277508825870054,-0.009750366
-10.752512201321835,-6.156498,-1.2227065199321534,0.03814983
-10.74400461082717,-6.098368,-1.218019629095529,-0.002565384
-10.73548639304138,-6.098368,-1.2133659852622176,-0.00496006
-10.72668614674576,-6.040238,-1.205980552619963,0.2632818
-10.718108483511484,-6.098368,-1.1987592156795894,0.2537022
-10.70950444212676,-6.098368,-1.1933914167845558,0.06928539
-10.700580079556929,-6.029669,-1.188370818764151,0.02857018
-10.692214423832036,-6.156498,-1.184877008556469,-0.1103411
-10.68381682974465,-6.151214,-1.179542810716746,0.0740757
-10.675403014256233,-6.151214,-1.174457265410552,0.05012512
-10.66723906186291,-6.209344,-1.1706849056068518,-0.07441521
-10.659094121672563,-6.214628,-1.1665914512093127,-0.04088497
-10.65120022235751,-6.272758,-1.1622780705827767,-0.01214504
-10.64329795577231,-6.272758,-1.1581648822125088,-0.03130531
-10.635677547643905,-6.336173,-1.1555372661273042,-0.1726112
-10.62777527905193,-6.272758,-1.1516325576284758,-0.05046558
-10.62014869934546,-6.336173,-1.147536888579106,-0.02412033
-10.612519518038246,-6.336173,-1.144575162038374,-0.1366863
-10.604586829149873,-6.267474,-1.1413608887265005,-0.1175261
-10.596962282197188,-6.336173,-1.1383202080188186,-0.1271057
-10.589068155171706,-6.272758,-1.137283613785303,-0.3330774
-10.581467503511835,-6.336173,-1.1338525479220718,-0.0863905
-10.57388090174821,-6.336173,-1.1335671686699154,-0.4001379
-10.565754609310318,-6.209344,-1.1321803104609378,-0.3019428
-10.557624539601255,-6.209344,-1.1257966214893194,0.198617
-10.549465942407272,-6.214628,-1.1147088771432387,0.6704359
-10.54122793218074,-6.214628,-1.1027917462456212,0.754261
-10.532636996762182,-6.151214,-1.093334494345816,0.5027838
-10.524296031487184,-6.214628,-1.088907993935122,0.007015228
-10.515655849429836,-6.151214,-1.0826543455405817,0.1842461
-10.507008544274305,-6.151214,-1.0799785331633338,-0.1726112
-10.498367855242977,-6.151214,-1.0764737206383186,-0.08878613
-10.489719562946291,-6.151214,-1.0709423902771182,0.1147909
-10.480761364535322,-6.087799,-1.0633686876222468,0.3135777
-10.47178511387022,-6.087799,-1.0595168472509446,-0.05765057
-10.46277582020697,-6.082515,-1.0536335064051934,0.1459265
-10.454030990487448,-6.145929,-1.0481109503259638,0.1171856
-10.445277526679876,-6.145929,-1.0442742364600783,-0.05046558
-10.436780375843556,-6.204059,-1.0400023217890217,-0.000169754
-10.428793193454814,-6.320319,-1.0353773140081495,0.04773045
-10.420543584935624,-6.262189,-1.0322831284502108,-0.1103411
-10.412281789206215,-6.262189,-1.0257249644664344,0.2369366
-10.404006775958036,-6.262189,-1.0224088779108784,-0.0863905
-10.39545898481108,-6.204059,-1.0156662381284423,0.2513065
-10.386890701992105,-6.198774,-1.0155376134217022,-0.4097185
-10.378601471697454,-6.256905,-1.01224316778042,-0.0863905
-10.370555112035435,-6.315035,-1.005088085358067,0.3063927
-10.36281294665448,-6.378449,-1.0095971055812922,-0.8527975
-10.354844383472413,-6.320319,-1.0048111740870656,0.07168007
-10.346307452638007,-6.198774,-0.9971334688857059,0.3495026
-10.338007327648617,-6.256905,-0.9929001563649459,0.01180458
-10.329732964218877,-6.256905,-0.9950223991809474,-0.6228752
-10.321478152373139,-6.256905,-0.9895611634700194,0.1363459
-10.313256328423822,-6.262189,-0.9896703892833902,-0.4192982
-10.305024158747809,-6.262189,-0.9802561385796283,0.5339193
-10.296486418956626,-6.204059,-0.9730436214289538,0.3087873
-10.287895605279319,-6.204059,-0.9620799732456428,0.6848059
-10.279265770261842,-6.204059,-0.9576398681737962,0.03336048
-10.27091703216574,-6.262189,-0.9589433370608956,-0.5342598
-10.262326457021162,-6.204059,-0.9537067667781896,0.1147909
-10.254018696755324,-6.262189,-0.9561776188652653,-0.6492205
-10.245718273622765,-6.262189,-0.9478556663801396,0.430933
-10.23738865641987,-6.262189,-0.9429912886532655,0.08605099
-10.229066556878871,-6.262189,-0.9420155907535467,-0.3019428
-10.220764521017372,-6.267474,-0.9349466305978492,0.3087873
-10.21216947555716,-6.204059,-0.9325649572331728,-0.1654263
-10.203580580582358,-6.204059,-0.9285876217552489,-0.00496006
-10.1949870627485,-6.204059,-0.9240444779414688,0.05252075
-10.186678043077194,-6.267474,-0.9213941015315222,-0.1295013
-10.178374130472355,-6.267474,-0.9177225548023165,-0.02651501
-10.170065148324696,-6.267474,-0.9130298468518576,0.07647038
-10.161758013224611,-6.267474,-0.9107408445376288,-0.1630316
-10.15344673513901,-6.267474,-0.9048440412676824,0.198617
-10.145123919930969,-6.267474,-0.9010635501118257,-0.01214504
-10.136533073276153,-6.209344,-0.8956528105681401,0.1459265
-10.128189269069512,-6.267474,-0.8910517277913512,0.07168007
-10.119593093032618,-6.209344,-0.8895864844632028,-0.2468567
-10.11126636606285,-6.267474,-0.8855299252655668,0.01899052
-10.102675098090666,-6.209344,-0.8810885298359529,0.05252075
-10.094073189075313,-6.209344,-0.8757699275192897,0.1411362
-10.08574949523906,-6.272758,-0.8725834823452655,-0.06483555
-10.07688383360977,-6.151214,-0.8683020451401217,0.03336048
-10.068014784010517,-6.151214,-0.8640298138910054,0.03336048
-10.059172829758783,-6.156498,-0.8611372353259203,-0.1031561
-10.050336578821133,-6.156498,-0.8573197622718424,-0.009750366
-10.04150479500409,-6.156498,-0.8541820474903459,-0.07681084
-10.032677320277344,-6.156498,-0.8503349693094179,-0.00496006
-10.023589780897714,-6.098368,-0.8461275031439196,0.0261755
-10.014496340475752,-6.098368,-0.8410672361158293,0.1123962
-10.005390332438216,-6.098368,-0.835513434049508,0.1626911
-9.996277041512794,-6.098368,-0.8315018604436559,0.009409904
-9.987427390262255,-6.156498,-0.8283242528845132,-0.06723022
-9.978323866071893,-6.098368,-0.8246665256443526,-0.02412033
-9.969218954116547,-6.098368,-0.8199404354278416,0.08365536
-9.960113358060644,-6.098368,-0.8164212449555958,-0.03609562
-9.95100753976445,-6.098368,-0.8117857800129796,0.07647038
-9.941893375202056,-6.098368,-0.8066327991761203,0.1291609
-9.933034060487461,-6.156498,-0.8028167032784743,0.002224922
-9.924458923619303,-6.219913,-0.7990491978950532,0.004619598
-9.91560487190186,-6.156498,-0.7959216530997085,-0.06483555
-9.906754366759982,-6.156498,-0.7918691540992483,0.02857018
-9.897902840098336,-6.156498,-0.7878257548381413,0.02857018
-9.888536052934457,-6.040238,-0.7845613627597522,-0.06004524
-9.879434680184536,-6.098368,-0.7807419940890362,0.002224922
-9.870340988146976,-6.098368,-0.7779857686406773,-0.1031561
-9.861252180278656,-6.098368,-0.7736102486488767,0.05970573
-9.851900841784765,-6.040238,-0.7691859440350388,0.05970573
-9.842548358420313,-6.040238,-0.7650346747507161,0.03336048
-9.83319924741756,-6.040238,-0.7615156917824297,-0.02891064
-9.823812274614806,-6.029669,-0.7585465588061228,-0.08399582
-9.814433215793215,-6.029669,-0.754724815533559,0.002224922
-9.805060825048418,-6.029669,-0.7515114133657596,-0.05765057
-9.795944793795977,-6.087799,-0.7458030109622853,0.198617
-9.78682204315608,-6.087799,-0.742019950876375,0.007015228
-9.777700688249546,-6.087799,-0.737934863890805,0.03814983
-9.768860944236854,-6.151214,-0.7336590042086485,0.06449509
-9.760277270968931,-6.209344,-0.7294262975942003,0.06689072
-9.751692061916836,-6.209344,-0.7256813569597945,0.01899052
-9.743367562712596,-6.267474,-0.7220751100979078,0.01180458
-9.73504625947842,-6.267474,-0.718884504700357,-0.02891064
-9.726727153253865,-6.267474,-0.7150796714907337,0.03336048
-9.718405553656726,-6.267474,-0.7109480181283179,0.06689072
-9.71005654444128,-6.262189,-0.7068674711053785,0.06210041
-9.701706848347431,-6.262189,-0.7033462793335707,0.007015228
-9.693356317980976,-6.262189,-0.6992348333478452,0.06689072
-9.685002660595583,-6.262189,-0.6952516405725816,0.05491543
-9.67665146187237,-6.262189,-0.6922589024373199,-0.0432806
-9.668304229002478,-6.262189,-0.688580090189139,0.0261755
-9.659698277682075,-6.204059,-0.6848756623556361,0.02377987
-9.651097144268775,-6.204059,-0.6818505757632757,-0.0432806
-9.64249982401482,-6.204059,-0.6779480547365561,0.04533577
-9.63416413862193,-6.262189,-0.674663168022312,-0.009750366
-9.625830885618813,-6.262189,-0.6709795850611355,0.03096485
-9.616961535571303,-6.140645,-0.6683566334208685,-0.0863905
-9.608388263165006,-6.204059,-0.6657341298038211,-0.07920551
-9.599279919731401,-6.082515,-0.6620409411841925,0.01659489
-9.590434489811303,-6.140645,-0.6583431655571137,0.02377987
-9.581590739862358,-6.140645,-0.6544627418923102,0.04294014
-9.57274684611313,-6.140645,-0.6503996670618404,0.06210041
-9.56416684854804,-6.198774,-0.647505285572877,-0.04807091
-9.555858592999948,-6.256905,-0.6452524068359842,-0.1055508
-9.54756341692875,-6.256905,-0.6426965613625341,-0.07441521
-9.539273598074486,-6.256905,-0.6389036933488034,0.05012512
-9.531251482622443,-6.315035,-0.6369974384776947,-0.131896
